ID_Ubicacion,ID_Fecha,ID_Hora,ID_Condicion,Temperatura,Humedad,Lluvia,Prob_lluvia
1,1,1,1,23.5,83.0,0,0
1,2,1,2,17.5,96.0,0,0
1,3,1,1,25.0,76.0,0,0
1,1,2,1,23.2,82.0,0,0
1,2,2,3,17.4,95.0,0,69
1,3,2,1,24.7,76.0,0,0
1,1,3,1,22.9,83.0,0,0
1,2,3,3,17.3,95.0,1,75
1,3,3,1,24.3,77.0,0,0
1,2,4,2,17.4,94.0,0,0
1,3,4,1,24.0,78.0,0,0
1,1,4,1,22.7,83.0,0,0
1,3,5,1,24.0,79.0,0,0
1,1,5,1,22.7,83.0,0,0
1,2,5,3,17.4,93.0,0,60
1,3,6,3,23.9,79.0,1,100
1,1,6,1,22.6,84.0,0,0
1,2,6,3,17.3,91.0,1,80
1,3,7,3,22.0,92.0,1,100
1,2,7,3,17.2,90.0,0,68
1,1,7,4,22.5,85.0,0,0
1,2,8,3,17.1,89.0,1,100
1,1,8,4,24.1,78.0,0,0
1,3,8,3,22.8,92.0,1,100
1,2,9,3,17.0,89.0,1,73
1,1,9,4,27.1,65.0,0,0
1,3,9,5,24.4,88.0,0,0
1,2,10,3,17.2,88.0,0,68
1,1,10,4,29.8,55.0,0,0
1,3,10,2,24.5,88.0,0,0
1,3,11,6,23.8,93.0,1,100
1,2,11,2,17.7,85.0,0,0
1,1,11,4,32.1,48.0,0,0
1,2,12,2,18.7,82.0,0,0
1,3,12,7,23.6,94.0,1,100
1,1,12,4,34.0,43.0,0,0
1,3,13,8,24.7,89.0,1,100
1,2,13,2,20.3,77.0,0,0
1,1,13,4,35.4,39.0,0,0
1,2,14,2,23.0,69.0,0,0
1,3,14,8,24.1,93.0,1,100
1,1,14,5,33.1,53.0,0,0
1,3,15,8,23.8,95.0,1,100
1,2,15,2,24.1,67.0,0,0
1,1,15,4,36.6,34.0,0,0
1,3,16,9,24.3,92.0,1,100
1,1,16,10,36.7,33.0,1,100
1,2,16,2,24.8,65.0,0,0
1,1,17,5,34.5,40.0,0,0
1,3,17,9,23.1,97.0,1,100
1,2,17,2,24.6,66.0,0,0
1,1,18,3,32.6,46.0,1,100
1,2,18,2,23.5,71.0,0,0
1,3,18,9,21.5,97.0,1,100
1,2,19,2,22.3,73.0,0,0
1,3,19,8,19.3,98.0,1,100
1,1,19,6,30.4,52.0,1,100
1,1,20,3,28.2,62.0,1,71
1,2,20,2,21.7,74.0,0,0
1,3,20,3,18.6,97.0,1,85
1,2,21,2,21.1,74.0,0,0
1,3,21,2,18.4,97.0,0,0
1,1,21,1,26.6,67.0,0,0
1,1,22,1,25.9,71.0,0,0
1,2,22,2,20.7,74.0,0,0
1,3,22,2,18.3,97.0,0,0
1,2,23,5,20.4,75.0,0,0
1,1,23,1,25.6,73.0,0,0
1,3,23,2,18.1,96.0,0,0
1,3,24,2,17.7,96.0,0,0
1,1,24,1,25.2,75.0,0,0
1,2,24,5,19.8,78.0,0,0
2,1,1,8,11.5,93.0,1,100
2,2,1,7,11.1,96.0,1,100
2,3,1,8,11.4,95.0,1,100
2,1,2,7,11.2,94.0,1,100
2,2,2,7,10.6,96.0,0,56
2,3,2,6,11.4,95.0,1,100
2,1,3,7,11.0,95.0,1,100
2,2,3,3,10.4,96.0,0,54
2,3,3,8,11.4,95.0,1,100
2,2,4,7,10.4,96.0,1,74
2,3,4,8,11.5,95.0,1,100
2,1,4,7,10.7,95.0,1,79
2,3,5,8,11.4,95.0,1,100
2,1,5,7,10.5,95.0,1,100
2,2,5,7,10.4,96.0,1,81
2,3,6,8,11.2,95.0,1,100
2,1,6,7,10.5,95.0,1,83
2,2,6,7,10.2,96.0,1,76
2,3,7,8,11.3,95.0,1,100
2,2,7,7,10.5,95.0,0,61
2,1,7,7,10.6,95.0,1,100
2,2,8,3,11.5,93.0,0,69
2,1,8,3,11.9,92.0,1,100
2,3,8,8,11.9,94.0,1,100
2,2,9,3,12.7,88.0,1,100
2,1,9,3,13.0,88.0,1,100
2,3,9,8,12.4,91.0,1,100
2,2,10,3,14.2,82.0,1,100
2,1,10,3,14.0,84.0,1,100
2,3,10,8,12.9,90.0,1,100
2,3,11,8,13.3,89.0,1,100
2,2,11,3,15.7,76.0,1,100
2,1,11,8,14.6,82.0,1,100
2,2,12,3,16.9,73.0,1,100
2,3,12,8,13.2,90.0,1,100
2,1,12,2,18.3,68.0,1,100
2,3,13,8,13.3,90.0,1,100
2,2,13,3,16.5,76.0,1,100
2,1,13,3,16.8,74.0,1,100
2,2,14,10,15.5,81.0,1,100
2,3,14,8,13.7,89.0,1,100
2,1,14,3,16.4,75.0,1,100
2,3,15,3,14.6,85.0,1,100
2,2,15,8,15.5,82.0,1,100
2,1,15,8,15.3,82.0,1,100
2,3,16,10,14.4,87.0,1,100
2,1,16,8,14.9,84.0,1,100
2,2,16,10,15.4,83.0,1,100
2,1,17,3,14.5,85.0,1,100
2,3,17,8,13.5,91.0,1,100
2,2,17,8,15.2,83.0,1,100
2,1,18,6,13.9,89.0,1,100
2,2,18,3,14.1,88.0,1,100
2,3,18,10,12.4,95.0,1,100
2,2,19,3,12.3,92.0,1,100
2,3,19,8,12.0,96.0,1,100
2,1,19,8,12.6,94.0,1,100
2,1,20,6,12.0,95.0,1,100
2,2,20,6,12.2,94.0,1,100
2,3,20,6,11.9,96.0,1,100
2,2,21,3,12.1,94.0,1,100
2,3,21,6,11.7,96.0,1,100
2,1,21,8,12.1,95.0,1,100
2,1,22,6,12.0,94.0,1,100
2,2,22,6,11.8,95.0,1,100
2,3,22,6,11.4,97.0,1,100
2,2,23,7,11.3,95.0,1,100
2,1,23,8,11.8,94.0,1,100
2,3,23,8,11.3,97.0,1,100
2,3,24,8,11.2,96.0,1,100
2,1,24,6,11.7,94.0,1,100
2,2,24,11,11.2,96.0,1,100
3,1,1,1,18.7,87.0,0,0
3,2,1,5,20.3,72.0,0,0
3,3,1,1,19.9,68.0,0,0
3,1,2,1,18.4,87.0,0,0
3,2,2,3,20.2,72.0,1,79
3,3,2,1,19.4,69.0,0,0
3,1,3,1,18.2,88.0,0,0
3,2,3,1,20.0,73.0,0,0
3,3,3,1,18.9,71.0,0,0
3,2,4,1,19.9,73.0,0,0
3,3,4,1,18.6,72.0,0,0
3,1,4,1,18.0,88.0,0,0
3,3,5,1,18.5,72.0,0,0
3,1,5,1,17.9,86.0,0,0
3,2,5,5,19.5,75.0,0,0
3,3,6,1,18.6,72.0,0,0
3,1,6,1,17.7,85.0,0,0
3,2,6,5,18.9,79.0,0,0
3,3,7,1,19.4,73.0,0,0
3,2,7,5,19.7,79.0,0,0
3,1,7,1,18.6,83.0,0,0
3,2,8,5,21.6,72.0,0,0
3,1,8,4,21.1,75.0,0,0
3,3,8,4,22.2,64.0,0,0
3,2,9,5,22.1,69.0,0,0
3,1,9,4,23.3,64.0,0,0
3,3,9,4,24.5,57.0,0,0
3,2,10,4,22.8,66.0,0,0
3,1,10,4,25.2,57.0,0,0
3,3,10,4,26.1,53.0,0,0
3,3,11,4,27.2,49.0,0,0
3,2,11,4,25.2,55.0,0,0
3,1,11,4,26.6,54.0,0,0
3,2,12,4,27.7,44.0,0,0
3,3,12,5,28.1,46.0,0,0
3,1,12,3,27.5,51.0,1,83
3,3,13,2,28.8,43.0,0,0
3,2,13,4,28.4,43.0,0,0
3,1,13,3,27.5,50.0,1,100
3,2,14,4,28.9,43.0,0,0
3,3,14,5,28.9,43.0,0,0
3,1,14,5,28.4,48.0,0,0
3,3,15,5,28.8,43.0,0,0
3,2,15,5,29.1,42.0,0,0
3,1,15,5,24.7,66.0,0,0
3,3,16,5,26.8,53.0,0,0
3,1,16,5,24.4,67.0,0,0
3,2,16,5,28.5,44.0,0,0
3,1,17,5,23.3,71.0,0,0
3,3,17,5,24.8,61.0,0,0
3,2,17,5,25.4,55.0,0,0
3,1,18,5,22.5,72.0,0,0
3,2,18,5,24.6,57.0,0,0
3,3,18,4,23.4,65.0,0,0
3,2,19,5,24.0,58.0,0,0
3,3,19,4,22.8,64.0,0,0
3,1,19,5,22.3,70.0,0,0
3,1,20,5,22.3,67.0,0,0
3,2,20,1,23.6,59.0,0,0
3,3,20,1,22.6,64.0,0,0
3,2,21,1,22.5,62.0,0,0
3,3,21,1,22.2,64.0,0,0
3,1,21,5,22.4,65.0,0,0
3,1,22,5,22.4,64.0,0,0
3,2,22,1,21.7,64.0,0,0
3,3,22,1,21.3,67.0,0,0
3,2,23,1,21.3,67.0,0,0
3,1,23,1,22.0,64.0,0,0
3,3,23,5,20.9,69.0,0,0
3,3,24,3,20.6,70.0,0,63
3,1,24,1,21.1,65.0,0,0
3,2,24,1,20.9,64.0,0,0
4,1,1,1,19.7,75.0,0,0
4,2,1,1,13.9,65.0,0,0
4,3,1,8,14.8,93.0,1,100
4,1,2,1,19.1,76.0,0,0
4,2,2,1,13.2,64.0,0,0
4,3,2,12,14.6,93.0,1,100
4,1,3,1,18.8,73.0,0,0
4,2,3,1,12.6,66.0,0,0
4,3,3,8,14.3,95.0,1,100
4,2,4,1,12.0,68.0,0,0
4,3,4,8,14.0,94.0,1,100
4,1,4,1,18.7,68.0,0,0
4,3,5,3,13.8,92.0,0,70
4,1,5,1,18.4,66.0,0,0
4,2,5,1,11.7,71.0,0,0
4,3,6,3,13.3,88.0,1,83
4,1,6,1,18.0,65.0,0,0
4,2,6,1,11.4,73.0,0,0
4,3,7,6,13.0,86.0,1,100
4,2,7,1,11.2,74.0,0,0
4,1,7,1,17.8,63.0,0,0
4,2,8,1,11.0,75.0,0,0
4,1,8,1,17.8,60.0,0,0
4,3,8,5,12.9,87.0,0,0
4,2,9,4,11.5,74.0,0,0
4,1,9,4,18.3,58.0,0,0
4,3,9,4,13.2,85.0,0,0
4,2,10,4,13.5,68.0,0,0
4,1,10,4,20.2,53.0,0,0
4,3,10,4,14.2,78.0,0,0
4,3,11,4,15.3,66.0,0,0
4,2,11,4,15.4,63.0,0,0
4,1,11,4,22.3,47.0,0,0
4,2,12,5,17.1,59.0,0,0
4,3,12,4,16.8,60.0,0,0
4,1,12,4,24.5,43.0,0,0
4,3,13,4,18.3,55.0,0,0
4,2,13,3,18.3,56.0,1,81
4,1,13,4,26.4,44.0,0,0
4,2,14,4,19.2,53.0,0,0
4,3,14,4,19.6,51.0,0,0
4,1,14,4,28.3,58.0,0,0
4,3,15,5,20.2,47.0,0,0
4,2,15,5,19.9,50.0,0,0
4,1,15,5,29.1,48.0,0,0
4,3,16,5,20.6,46.0,0,0
4,1,16,4,30.0,46.0,0,0
4,2,16,4,20.1,48.0,0,0
4,1,17,3,30.5,47.0,1,100
4,3,17,3,20.5,48.0,0,64
4,2,17,4,19.8,50.0,0,0
4,1,18,8,26.9,67.0,1,100
4,2,18,4,19.2,53.0,0,0
4,3,18,3,19.5,57.0,0,64
4,2,19,4,18.4,59.0,0,0
4,3,19,3,18.3,62.0,0,70
4,1,19,3,25.1,79.0,1,100
4,1,20,3,24.4,83.0,1,100
4,2,20,1,17.1,66.0,0,0
4,3,20,3,17.0,64.0,1,75
4,2,21,1,16.7,69.0,0,0
4,3,21,5,17.0,61.0,0,0
4,1,21,8,23.0,91.0,1,100
4,1,22,8,22.6,94.0,1,100
4,2,22,1,16.4,71.0,0,0
4,3,22,5,16.4,63.0,0,0
4,2,23,1,16.4,72.0,0,0
4,1,23,12,19.2,93.0,1,100
4,3,23,1,15.7,67.0,0,0
4,3,24,1,14.7,67.0,0,0
4,1,24,8,16.0,94.0,1,100
4,2,24,1,16.5,72.0,0,0
5,1,1,1,17.4,84.0,0,0
5,2,1,5,18.9,90.0,0,0
5,3,1,5,17.9,90.0,0,0
5,1,2,1,17.2,85.0,0,0
5,2,2,5,18.7,90.0,0,0
5,3,2,5,17.9,90.0,0,0
5,1,3,1,17.0,87.0,0,0
5,2,3,5,17.9,93.0,0,0
5,3,3,5,17.9,90.0,0,0
5,2,4,7,17.3,94.0,0,0
5,3,4,5,18.3,90.0,0,0
5,1,4,1,16.7,89.0,0,0
5,3,5,5,18.3,90.0,0,0
5,1,5,1,16.6,90.0,0,0
5,2,5,5,17.4,93.0,0,0
5,3,6,3,18.4,90.0,1,78
5,1,6,1,16.5,90.0,0,0
5,2,6,5,17.4,92.0,0,0
5,3,7,5,17.9,91.0,0,0
5,2,7,5,17.6,91.0,0,0
5,1,7,1,16.4,91.0,0,0
5,2,8,4,18.1,89.0,0,0
5,1,8,4,17.1,89.0,0,0
5,3,8,5,17.9,91.0,0,0
5,2,9,5,19.8,83.0,0,0
5,1,9,4,19.9,76.0,0,0
5,3,9,3,20.0,80.0,1,71
5,2,10,3,22.0,71.0,1,79
5,1,10,4,23.0,61.0,0,0
5,3,10,3,22.0,69.0,1,81
5,3,11,3,24.2,60.0,1,85
5,2,11,3,25.0,59.0,1,100
5,1,11,4,25.5,51.0,0,0
5,2,12,3,27.0,52.0,1,100
5,3,12,3,26.3,52.0,1,83
5,1,12,4,26.7,47.0,0,0
5,3,13,3,27.2,50.0,1,100
5,2,13,3,27.6,51.0,1,100
5,1,13,4,27.3,66.0,1,100
5,2,14,3,26.8,54.0,1,100
5,3,14,3,26.5,53.0,1,100
5,1,14,3,28.1,46.0,1,72
5,3,15,8,23.7,66.0,1,100
5,2,15,8,23.6,70.0,1,100
5,1,15,3,27.7,48.0,1,100
5,3,16,8,23.0,72.0,1,100
5,1,16,3,25.3,60.0,1,100
5,2,16,3,23.5,72.0,1,100
5,1,17,3,22.7,75.0,1,85
5,3,17,8,22.1,78.0,1,100
5,2,17,8,22.5,78.0,1,100
5,1,18,3,21.9,80.0,1,100
5,2,18,3,21.5,82.0,1,100
5,3,18,8,20.5,87.0,1,100
5,2,19,8,20.4,88.0,1,100
5,3,19,3,20.0,90.0,1,100
5,1,19,3,21.8,80.0,1,100
5,1,20,1,18.9,88.0,0,0
5,2,20,3,18.7,90.0,1,100
5,3,20,3,18.5,92.0,1,100
5,2,21,3,18.4,90.0,1,71
5,3,21,3,18.2,92.0,1,86
5,1,21,5,18.2,89.0,0,0
5,1,22,3,18.2,89.0,1,89
5,2,22,3,18.7,91.0,0,61
5,3,22,5,18.8,92.0,0,0
5,2,23,3,18.8,91.0,1,88
5,1,23,1,18.3,88.0,0,0
5,3,23,5,18.8,93.0,0,0
5,3,24,5,19.0,91.0,0,0
5,1,24,1,18.0,89.0,0,0
5,2,24,3,18.8,91.0,1,76
6,1,1,2,17.6,89.0,0,0
6,2,1,1,18.2,84.0,0,0
6,3,1,1,18.0,85.0,0,0
6,1,2,3,17.5,88.0,0,63
6,2,2,3,17.9,85.0,0,67
6,3,2,1,17.7,86.0,0,0
6,1,3,3,17.4,88.0,1,82
6,2,3,3,17.6,86.0,1,76
6,3,3,1,17.4,86.0,0,0
6,2,4,3,17.3,86.0,1,84
6,3,4,1,17.2,87.0,0,0
6,1,4,5,17.3,88.0,0,0
6,3,5,1,17.0,88.0,0,0
6,1,5,5,17.2,88.0,0,0
6,2,5,3,17.1,87.0,0,61
6,3,6,5,16.8,88.0,0,0
6,1,6,1,17.1,89.0,0,0
6,2,6,3,17.1,87.0,0,70
6,3,7,5,17.5,88.0,0,0
6,2,7,3,17.8,86.0,1,89
6,1,7,4,17.6,90.0,0,0
6,2,8,3,19.3,78.0,1,82
6,1,8,3,19.3,82.0,1,83
6,3,8,4,19.3,80.0,0,0
6,2,9,3,20.9,68.0,1,100
6,1,9,3,21.4,70.0,0,64
6,3,9,4,21.5,68.0,0,0
6,2,10,3,22.5,62.0,1,100
6,1,10,3,23.6,59.0,1,82
6,3,10,3,23.8,58.0,1,76
6,3,11,3,25.7,48.0,0,62
6,2,11,3,24.0,54.0,1,100
6,1,11,7,25.2,57.0,1,88
6,2,12,3,24.5,48.0,1,100
6,3,12,3,27.2,41.0,1,80
6,1,12,3,27.1,41.0,1,78
6,3,13,3,27.0,38.0,1,100
6,2,13,6,24.6,49.0,1,100
6,1,13,3,27.6,37.0,1,100
6,2,14,3,24.0,52.0,1,100
6,3,14,3,26.5,46.0,1,100
6,1,14,3,27.2,40.0,1,100
6,3,15,3,25.8,50.0,1,100
6,2,15,3,23.6,60.0,1,100
6,1,15,3,26.4,45.0,1,100
6,3,16,3,24.5,55.0,1,100
6,1,16,3,25.3,52.0,1,100
6,2,16,3,22.8,64.0,1,100
6,1,17,3,23.8,58.0,1,100
6,3,17,3,23.0,64.0,1,77
6,2,17,3,21.8,70.0,1,100
6,1,18,3,21.9,68.0,1,83
6,2,18,3,20.6,76.0,1,100
6,3,18,3,21.5,74.0,1,100
6,2,19,3,19.6,84.0,1,100
6,3,19,3,20.2,80.0,1,100
6,1,19,3,20.4,81.0,1,100
6,1,20,3,19.5,86.0,1,100
6,2,20,3,19.5,88.0,1,100
6,3,20,3,19.4,84.0,1,100
6,2,21,8,18.8,88.0,1,100
6,3,21,3,19.1,87.0,1,100
6,1,21,3,19.1,88.0,1,100
6,1,22,3,18.8,86.0,1,100
6,2,22,3,18.4,89.0,1,100
6,3,22,5,18.9,86.0,0,0
6,2,23,1,18.2,85.0,1,100
6,1,23,1,18.5,86.0,0,0
6,3,23,3,18.8,87.0,1,84
6,3,24,1,18.6,83.0,0,0
6,1,24,1,18.4,85.0,0,0
6,2,24,3,18.2,84.0,1,100
7,1,1,5,22.8,91.0,0,0
7,2,1,8,23.8,94.0,1,100
7,3,1,5,23.2,91.0,0,0
7,1,2,5,22.6,90.0,0,0
7,2,2,7,23.5,95.0,0,0
7,3,2,13,22.7,91.0,1,100
7,1,3,5,22.3,94.0,0,0
7,2,3,7,23.2,96.0,0,0
7,3,3,1,22.2,94.0,0,0
7,2,4,7,23.1,97.0,0,0
7,3,4,7,22.1,96.0,0,0
7,1,4,5,22.3,96.0,0,0
7,3,5,10,22.0,97.0,1,100
7,1,5,7,22.4,96.0,0,0
7,2,5,14,22.8,98.0,0,0
7,3,6,14,21.9,97.0,0,0
7,1,6,7,22.3,95.0,0,0
7,2,6,14,22.6,97.0,0,0
7,3,7,7,22.0,97.0,0,0
7,2,7,14,22.5,97.0,0,0
7,1,7,7,22.6,96.0,0,0
7,2,8,14,23.3,97.0,0,0
7,1,8,5,23.9,94.0,0,0
7,3,8,7,22.3,97.0,0,0
7,2,9,14,24.1,89.0,0,0
7,1,9,5,25.8,83.0,0,0
7,3,9,7,22.8,96.0,0,0
7,2,10,14,24.9,85.0,0,0
7,1,10,4,27.7,70.0,0,0
7,3,10,2,23.7,94.0,0,0
7,3,11,5,27.4,88.0,0,0
7,2,11,4,27.7,81.0,0,0
7,1,11,4,29.7,60.0,0,0
7,2,12,4,30.3,64.0,0,0
7,3,12,4,30.4,69.0,0,0
7,1,12,5,31.1,53.0,0,0
7,3,13,4,32.5,57.0,0,0
7,2,13,4,32.7,55.0,0,0
7,1,13,5,29.1,66.0,0,0
7,2,14,4,32.7,47.0,0,0
7,3,14,4,32.5,51.0,0,0
7,1,14,5,32.2,48.0,0,0
7,3,15,5,32.0,54.0,0,0
7,2,15,5,32.1,51.0,0,0
7,1,15,2,31.9,49.0,0,0
7,3,16,2,31.2,56.0,0,0
7,1,16,2,31.1,52.0,0,0
7,2,16,2,31.1,53.0,0,0
7,1,17,15,30.1,58.0,0,0
7,3,17,15,29.6,58.0,0,0
7,2,17,2,29.5,55.0,0,0
7,1,18,5,29.0,65.0,0,0
7,2,18,2,28.1,66.0,0,0
7,3,18,15,28.2,69.0,0,0
7,2,19,2,26.9,72.0,0,0
7,3,19,15,26.9,75.0,0,0
7,1,19,5,27.7,71.0,0,0
7,1,20,2,26.4,79.0,0,0
7,2,20,4,25.5,77.0,0,0
7,3,20,5,26.0,81.0,0,0
7,2,21,1,25.4,85.0,0,0
7,3,21,13,25.4,85.0,1,100
7,1,21,2,25.3,88.0,0,0
7,1,22,2,24.7,93.0,0,0
7,2,22,1,24.5,88.0,0,0
7,3,22,13,25.0,87.0,1,100
7,2,23,5,23.8,92.0,0,0
7,1,23,10,24.2,93.0,1,100
7,3,23,8,24.6,88.0,1,100
7,3,24,1,24.2,81.0,0,0
7,1,24,5,23.6,92.0,0,0
7,2,24,8,23.6,92.0,1,100
8,1,1,6,7.6,86.0,1,100
8,2,1,6,7.1,87.0,1,100
8,3,1,5,3.9,85.0,0,0
8,1,2,8,7.6,87.0,1,100
8,2,2,3,7.0,88.0,1,100
8,3,2,5,3.5,86.0,0,0
8,1,3,16,7.4,88.0,1,100
8,2,3,10,6.6,90.0,1,100
8,3,3,5,3.3,86.0,0,0
8,2,4,10,6.2,89.0,1,100
8,3,4,5,2.9,87.0,0,0
8,1,4,16,7.0,90.0,1,100
8,3,5,5,2.8,87.0,0,0
8,1,5,8,6.2,92.0,1,100
8,2,5,10,6.1,89.0,1,100
8,3,6,3,2.9,88.0,1,71
8,1,6,17,5.6,92.0,1,100
8,2,6,17,5.8,91.0,1,100
8,3,7,3,3.3,86.0,0,69
8,2,7,17,5.2,92.0,1,100
8,1,7,17,5.0,90.0,1,100
8,2,8,17,4.9,92.0,1,100
8,1,8,18,5.7,88.0,1,100
8,3,8,5,4.7,86.0,0,0
8,2,9,17,5.2,90.0,1,100
8,1,9,3,6.3,85.0,1,100
8,3,9,15,7.9,79.0,1,81
8,2,10,17,5.5,90.0,1,100
8,1,10,3,7.3,81.0,1,74
8,3,10,15,9.3,74.0,1,100
8,3,11,16,11.0,68.0,1,100
8,2,11,6,6.4,87.0,1,100
8,1,11,15,8.2,77.0,1,73
8,2,12,6,7.3,84.0,1,100
8,3,12,16,12.3,63.0,1,100
8,1,12,15,9.4,73.0,1,100
8,3,13,16,12.6,62.0,1,100
8,2,13,11,7.6,81.0,1,100
8,1,13,5,12.3,58.0,1,100
8,2,14,15,8.6,76.0,1,100
8,3,14,16,12.7,62.0,1,100
8,1,14,16,11.2,68.0,1,100
8,3,15,16,12.6,62.0,1,100
8,2,15,6,10.3,71.0,1,100
8,1,15,16,10.8,70.0,1,100
8,3,16,16,12.5,61.0,1,100
8,1,16,16,10.8,70.0,1,100
8,2,16,16,9.9,73.0,1,100
8,1,17,16,11.4,67.0,1,100
8,3,17,16,12.3,61.0,1,100
8,2,17,8,8.9,78.0,1,100
8,1,18,16,11.5,64.0,1,100
8,2,18,3,7.7,83.0,1,72
8,3,18,3,11.9,63.0,1,100
8,2,19,3,7.4,83.0,0,67
8,3,19,3,10.5,69.0,1,100
8,1,19,3,11.0,67.0,1,100
8,1,20,1,6.8,76.0,0,0
8,2,20,3,5.7,87.0,1,100
8,3,20,1,8.5,77.0,0,0
8,2,21,3,5.3,87.0,1,76
8,3,21,3,8.1,80.0,1,84
8,1,21,1,6.0,81.0,0,0
8,1,22,3,5.6,84.0,0,63
8,2,22,3,6.0,86.0,0,20
8,3,22,3,7.8,84.0,1,72
8,2,23,3,5.9,84.0,1,78
8,1,23,1,4.7,85.0,0,0
8,3,23,3,7.5,86.0,1,73
8,3,24,3,7.3,87.0,1,85
8,1,24,1,4.4,84.0,0,0
8,2,24,3,5.6,82.0,0,63
9,1,1,5,21.8,77.0,0,0
9,2,1,1,20.2,84.0,0,0
9,3,1,5,20.3,85.0,0,0
9,1,2,5,21.8,78.0,0,0
9,2,2,5,19.9,85.0,0,0
9,3,2,5,20.2,86.0,0,0
9,1,3,5,21.7,79.0,0,0
9,2,3,5,19.9,85.0,0,0
9,3,3,3,20.4,87.0,1,73
9,2,4,5,20.6,85.0,0,0
9,3,4,3,20.0,89.0,0,60
9,1,4,5,21.6,79.0,0,0
9,3,5,3,19.9,89.0,0,67
9,1,5,5,21.5,80.0,0,0
9,2,5,5,20.5,86.0,0,0
9,3,6,3,19.8,89.0,1,86
9,1,6,5,21.3,81.0,0,0
9,2,6,5,20.1,86.0,0,0
9,3,7,2,19.9,90.0,0,0
9,2,7,5,20.0,87.0,0,0
9,1,7,2,21.2,82.0,0,0
9,2,8,5,20.6,86.0,0,0
9,1,8,5,21.2,82.0,0,0
9,3,8,2,20.6,89.0,0,0
9,2,9,5,20.9,85.0,0,0
9,1,9,5,21.6,80.0,0,0
9,3,9,5,21.0,87.0,0,0
9,2,10,4,21.6,81.0,0,0
9,1,10,5,22.2,77.0,0,0
9,3,10,5,21.6,84.0,0,0
9,3,11,5,22.2,81.0,0,0
9,2,11,5,22.2,79.0,0,0
9,1,11,4,22.8,75.0,0,0
9,2,12,5,22.0,80.0,0,0
9,3,12,4,22.7,79.0,0,0
9,1,12,4,23.3,73.0,0,0
9,3,13,4,23.3,76.0,0,0
9,2,13,3,21.8,81.0,1,84
9,1,13,4,23.4,72.0,0,0
9,2,14,3,21.5,82.0,1,74
9,3,14,4,23.6,75.0,0,0
9,1,14,4,23.6,71.0,0,0
9,3,15,3,23.7,74.0,0,70
9,2,15,5,21.4,82.0,0,0
9,1,15,4,23.9,71.0,0,0
9,3,16,3,23.6,74.0,1,78
9,1,16,4,23.8,71.0,0,0
9,2,16,5,21.6,82.0,0,0
9,1,17,4,23.6,72.0,0,0
9,3,17,3,23.2,76.0,1,83
9,2,17,5,22.0,80.0,0,0
9,1,18,4,23.4,73.0,0,0
9,2,18,5,21.9,80.0,0,0
9,3,18,3,22.8,77.0,1,79
9,2,19,5,21.7,80.0,0,0
9,3,19,3,21.4,78.0,0,65
9,1,19,4,22.4,75.0,0,0
9,1,20,1,21.9,77.0,0,0
9,2,20,1,21.6,81.0,0,0
9,3,20,3,21.2,80.0,1,85
9,2,21,1,21.4,83.0,0,0
9,3,21,1,20.8,82.0,0,0
9,1,21,5,21.2,78.0,0,0
9,1,22,1,20.8,80.0,0,0
9,2,22,1,21.1,84.0,0,0
9,3,22,1,20.7,82.0,0,0
9,2,23,5,20.9,84.0,0,0
9,1,23,1,20.6,82.0,0,0
9,3,23,1,20.7,83.0,0,0
9,3,24,1,20.5,83.0,0,0
9,1,24,5,20.5,83.0,0,0
9,2,24,1,21.0,84.0,0,0
10,1,1,1,25.4,72.0,0,0
10,2,1,5,25.0,73.0,0,0
10,3,1,1,25.3,71.0,0,0
10,1,2,1,24.9,73.0,0,0
10,2,2,1,24.8,74.0,0,0
10,3,2,1,24.9,71.0,0,0
10,1,3,1,24.6,75.0,0,0
10,2,3,1,24.4,72.0,0,0
10,3,3,1,24.6,70.0,0,0
10,2,4,1,24.2,72.0,0,0
10,3,4,1,24.4,72.0,0,0
10,1,4,1,24.1,78.0,0,0
10,3,5,1,24.1,74.0,0,0
10,1,5,1,23.6,80.0,0,0
10,2,5,1,23.8,73.0,0,0
10,3,6,1,23.8,75.0,0,0
10,1,6,1,23.2,82.0,0,0
10,2,6,1,23.6,76.0,0,0
10,3,7,4,23.8,78.0,0,0
10,2,7,4,23.7,78.0,0,0
10,1,7,4,23.1,83.0,0,0
10,2,8,4,25.2,74.0,0,0
10,1,8,4,24.9,77.0,0,0
10,3,8,4,25.6,73.0,0,0
10,2,9,4,26.9,66.0,0,0
10,1,9,4,26.6,67.0,0,0
10,3,9,4,27.5,64.0,0,0
10,2,10,5,29.0,53.0,0,0
10,1,10,4,28.5,58.0,0,0
10,3,10,4,29.4,56.0,0,0
10,3,11,4,31.2,48.0,0,0
10,2,11,5,31.2,44.0,0,0
10,1,11,5,31.2,59.0,0,0
10,2,12,4,32.7,40.0,0,0
10,3,12,4,32.7,43.0,0,0
10,1,12,4,32.3,44.0,0,0
10,3,13,4,33.9,39.0,0,0
10,2,13,4,33.9,37.0,0,0
10,1,13,4,33.6,40.0,0,0
10,2,14,4,34.5,35.0,0,0
10,3,14,4,34.8,36.0,0,0
10,1,14,4,34.7,37.0,0,0
10,3,15,4,35.2,35.0,0,0
10,2,15,4,34.8,33.0,0,0
10,1,15,4,35.2,36.0,0,0
10,3,16,4,35.3,34.0,0,0
10,1,16,4,35.2,36.0,0,0
10,2,16,4,35.1,33.0,0,0
10,1,17,4,34.0,40.0,0,0
10,3,17,4,34.8,35.0,0,0
10,2,17,4,35.3,32.0,0,0
10,1,18,4,32.0,47.0,0,0
10,2,18,4,34.2,36.0,0,0
10,3,18,5,33.4,40.0,0,0
10,2,19,1,32.0,44.0,0,0
10,3,19,2,30.2,52.0,0,0
10,1,19,3,30.2,54.0,1,82
10,1,20,1,29.2,58.0,0,0
10,2,20,1,29.7,43.0,0,0
10,3,20,2,29.3,56.0,0,0
10,2,21,1,28.4,46.0,0,0
10,3,21,5,29.5,56.0,0,0
10,1,21,5,28.6,60.0,0,0
10,1,22,1,28.7,60.0,0,0
10,2,22,1,28.1,54.0,0,0
10,3,22,1,29.5,55.0,0,0
10,2,23,1,27.7,56.0,0,0
10,1,23,1,27.8,62.0,0,0
10,3,23,5,28.3,60.0,0,0
10,3,24,5,26.8,68.0,0,0
10,1,24,1,26.0,67.0,0,0
10,2,24,1,26.3,61.0,0,0
11,1,1,1,18.6,25.0,0,0
11,2,1,1,20.0,33.0,0,0
11,3,1,5,19.6,19.0,0,0
11,1,2,1,17.6,25.0,0,0
11,2,2,1,18.6,39.0,0,0
11,3,2,1,18.6,19.0,0,0
11,1,3,1,16.6,27.0,0,0
11,2,3,1,17.5,58.0,0,0
11,3,3,5,17.8,21.0,0,0
11,2,4,1,16.6,68.0,0,0
11,3,4,2,17.1,22.0,0,0
11,1,4,1,15.7,28.0,0,0
11,3,5,2,16.3,24.0,0,0
11,1,5,1,14.9,30.0,0,0
11,2,5,1,15.6,77.0,0,0
11,3,6,2,15.6,26.0,0,0
11,1,6,1,14.2,32.0,0,0
11,2,6,1,14.8,82.0,0,0
11,3,7,2,15.0,27.0,0,0
11,2,7,1,14.2,85.0,0,0
11,1,7,1,13.6,33.0,0,0
11,2,8,4,15.4,88.0,0,0
11,1,8,4,13.2,33.0,0,0
11,3,8,4,16.0,28.0,0,0
11,2,9,4,16.7,59.0,0,0
11,1,9,4,14.7,30.0,0,0
11,3,9,4,17.1,23.0,0,0
11,2,10,4,18.2,45.0,0,0
11,1,10,4,16.9,23.0,0,0
11,3,10,5,18.3,21.0,0,0
11,3,11,5,20.9,19.0,0,0
11,2,11,4,21.1,30.0,0,0
11,1,11,4,20.2,19.0,0,0
11,2,12,4,23.7,23.0,0,0
11,3,12,5,23.2,15.0,0,0
11,1,12,4,23.0,16.0,0,0
11,3,13,5,25.3,13.0,0,0
11,2,13,4,26.1,19.0,0,0
11,1,13,4,24.8,13.0,0,0
11,2,14,4,27.7,15.0,0,0
11,3,14,4,26.9,11.0,0,0
11,1,14,4,25.9,14.0,0,0
11,3,15,4,28.0,10.0,0,0
11,2,15,4,28.6,14.0,0,0
11,1,15,4,27.3,11.0,0,0
11,3,16,4,28.8,9.0,0,0
11,1,16,4,27.2,10.0,0,0
11,2,16,4,29.3,14.0,0,0
11,1,17,4,28.0,12.0,0,0
11,3,17,4,28.4,9.0,0,0
11,2,17,4,28.6,14.0,0,0
11,1,18,4,28.0,9.0,0,0
11,2,18,4,27.7,14.0,0,0
11,3,18,4,27.8,9.0,0,0
11,2,19,4,26.8,15.0,0,0
11,3,19,4,27.0,9.0,0,0
11,1,19,4,27.1,8.0,0,0
11,1,20,1,25.2,12.0,0,0
11,2,20,1,25.4,15.0,0,0
11,3,20,1,25.7,9.0,0,0
11,2,21,1,24.6,16.0,0,0
11,3,21,1,24.6,12.0,0,0
11,1,21,1,23.9,10.0,0,0
11,1,22,1,22.9,12.0,0,0
11,2,22,1,23.4,16.0,0,0
11,3,22,1,23.5,13.0,0,0
11,2,23,1,21.7,17.0,0,0
11,1,23,1,21.8,15.0,0,0
11,3,23,1,22.8,14.0,0,0
11,3,24,1,21.2,24.0,0,0
11,1,24,1,20.4,17.0,0,0
11,2,24,1,21.7,27.0,0,0
12,1,1,1,18.4,70.0,0,0
12,2,1,3,16.5,63.0,1,75
12,3,1,8,21.9,84.0,1,100
12,1,2,1,17.9,69.0,0,0
12,2,2,2,16.7,59.0,0,0
12,3,2,8,21.5,94.0,1,100
12,1,3,1,17.5,67.0,0,0
12,2,3,5,16.6,58.0,0,0
12,3,3,12,20.5,95.0,1,100
12,2,4,5,16.0,59.0,0,0
12,3,4,8,19.4,93.0,1,100
12,1,4,1,17.3,67.0,0,0
12,3,5,8,18.8,92.0,1,100
12,1,5,1,17.3,67.0,0,0
12,2,5,5,15.7,61.0,0,0
12,3,6,8,18.0,91.0,1,100
12,1,6,1,17.3,67.0,0,0
12,2,6,1,15.5,62.0,0,0
12,3,7,9,17.1,94.0,1,100
12,2,7,1,15.3,63.0,0,0
12,1,7,1,17.1,67.0,0,0
12,2,8,4,15.2,64.0,0,0
12,1,8,4,17.1,67.0,0,0
12,3,8,8,17.0,92.0,1,100
12,2,9,4,15.9,63.0,0,0
12,1,9,4,18.0,62.0,0,0
12,3,9,8,16.0,90.0,1,100
12,2,10,4,17.3,57.0,0,0
12,1,10,4,20.3,53.0,0,0
12,3,10,3,15.2,89.0,1,100
12,3,11,11,15.6,79.0,1,100
12,2,11,5,18.0,56.0,0,0
12,1,11,4,23.2,43.0,0,0
12,2,12,3,18.4,56.0,1,74
12,3,12,3,16.0,75.0,1,71
12,1,12,4,25.8,38.0,0,0
12,3,13,5,16.8,71.0,0,0
12,2,13,3,18.6,58.0,0,61
12,1,13,4,27.7,34.0,0,0
12,2,14,2,18.8,57.0,0,0
12,3,14,3,17.9,65.0,1,74
12,1,14,4,28.3,48.0,0,0
12,3,15,3,18.7,61.0,1,77
12,2,15,2,19.2,56.0,0,0
12,1,15,4,29.8,36.0,0,0
12,3,16,3,19.1,62.0,1,100
12,1,16,4,30.1,42.0,0,0
12,2,16,2,19.4,55.0,0,0
12,1,17,5,30.3,46.0,0,0
12,3,17,3,18.8,63.0,1,100
12,2,17,2,20.0,52.0,0,0
12,1,18,5,30.2,48.0,0,0
12,2,18,5,20.3,52.0,0,0
12,3,18,8,17.8,70.0,1,100
12,2,19,5,19.8,54.0,0,0
12,3,19,3,17.4,71.0,1,100
12,1,19,5,29.5,51.0,0,0
12,1,20,5,29.1,52.0,0,0
12,2,20,5,19.5,57.0,0,0
12,3,20,3,17.3,68.0,1,100
12,2,21,1,18.9,60.0,0,0
12,3,21,3,17.2,65.0,1,75
12,1,21,1,28.7,52.0,0,0
12,1,22,1,28.3,53.0,0,0
12,2,22,5,18.9,61.0,0,0
12,3,22,3,17.2,61.0,0,69
12,2,23,5,18.8,64.0,0,0
12,1,23,6,27.2,55.0,1,100
12,3,23,3,16.9,66.0,1,100
12,3,24,3,16.6,68.0,1,100
12,1,24,8,23.2,73.0,1,100
12,2,24,3,18.5,68.0,1,73
13,1,1,5,25.3,85.0,0,0
13,2,1,1,23.4,89.0,0,0
13,3,1,1,24.0,90.0,0,0
13,1,2,5,25.3,86.0,0,0
13,2,2,1,23.1,90.0,0,0
13,3,2,1,23.9,90.0,0,0
13,1,3,3,25.0,88.0,0,64
13,2,3,1,23.0,90.0,0,0
13,3,3,1,23.6,90.0,0,0
13,2,4,1,22.9,89.0,0,0
13,3,4,1,23.6,90.0,0,0
13,1,4,3,24.5,91.0,1,80
13,3,5,1,23.5,90.0,0,0
13,1,5,5,24.3,92.0,0,0
13,2,5,1,22.7,88.0,0,0
13,3,6,1,23.5,91.0,0,0
13,1,6,2,24.5,91.0,0,0
13,2,6,1,22.6,89.0,0,0
13,3,7,1,23.4,91.0,0,0
13,2,7,1,22.5,89.0,0,0
13,1,7,3,24.9,88.0,0,69
13,2,8,4,23.4,85.0,0,0
13,1,8,3,25.5,85.0,1,86
13,3,8,4,24.3,87.0,0,0
13,2,9,4,26.2,71.0,0,0
13,1,9,3,26.7,79.0,1,100
13,3,9,4,26.6,76.0,0,0
13,2,10,4,28.5,61.0,0,0
13,1,10,3,28.8,68.0,1,74
13,3,10,5,28.7,66.0,0,0
13,3,11,3,30.4,59.0,1,100
13,2,11,5,30.4,56.0,0,0
13,1,11,3,30.4,61.0,1,100
13,2,12,4,31.9,50.0,0,0
13,3,12,3,30.9,57.0,1,100
13,1,12,5,28.1,79.0,1,100
13,3,13,3,30.3,58.0,0,62
13,2,13,5,32.6,48.0,0,0
13,1,13,8,31.3,57.0,1,100
13,2,14,5,32.6,48.0,0,0
13,3,14,3,29.1,64.0,0,62
13,1,14,8,30.1,63.0,1,100
13,3,15,3,29.0,64.0,1,86
13,2,15,5,32.6,48.0,0,0
13,1,15,3,29.2,68.0,1,100
13,3,16,3,30.5,58.0,0,60
13,1,16,3,29.8,65.0,1,100
13,2,16,5,31.5,51.0,0,0
13,1,17,3,29.9,64.0,1,100
13,3,17,2,30.2,58.0,0,0
13,2,17,5,30.9,53.0,0,0
13,1,18,3,29.3,67.0,1,100
13,2,18,2,30.1,57.0,0,0
13,3,18,3,29.2,63.0,1,100
13,2,19,3,28.8,62.0,1,86
13,3,19,3,27.9,68.0,1,100
13,1,19,3,28.2,71.0,1,100
13,1,20,3,27.1,74.0,0,66
13,2,20,3,26.7,72.0,1,71
13,3,20,5,26.6,72.0,0,0
13,2,21,5,25.7,78.0,0,55
13,3,21,1,25.3,79.0,0,0
13,1,21,1,25.9,78.0,0,0
13,1,22,1,24.8,83.0,0,0
13,2,22,3,25.0,82.0,0,28
13,3,22,1,24.2,83.0,0,0
13,2,23,1,24.2,86.0,0,0
13,1,23,1,24.6,86.0,0,0
13,3,23,1,23.7,86.0,0,0
13,3,24,1,23.6,88.0,0,0
13,1,24,1,24.3,88.0,0,0
13,2,24,1,24.3,88.0,0,0
14,1,1,5,19.2,84.0,0,0
14,2,1,1,18.7,80.0,0,0
14,3,1,1,20.4,86.0,0,0
14,1,2,1,18.4,88.0,0,0
14,2,2,1,18.2,83.0,0,0
14,3,2,1,19.2,86.0,0,0
14,1,3,1,17.8,90.0,0,0
14,2,3,1,17.9,84.0,0,0
14,3,3,1,18.3,89.0,0,0
14,2,4,1,17.7,85.0,0,0
14,3,4,1,17.7,91.0,0,0
14,1,4,1,17.4,91.0,0,0
14,3,5,1,18.8,93.0,0,0
14,1,5,1,17.0,91.0,0,0
14,2,5,1,19.0,86.0,0,0
14,3,6,1,20.1,85.0,0,0
14,1,6,1,16.7,92.0,0,0
14,2,6,1,20.3,81.0,0,0
14,3,7,1,21.5,81.0,0,0
14,2,7,1,21.7,78.0,0,0
14,1,7,1,19.7,93.0,0,0
14,2,8,4,24.3,76.0,0,0
14,1,8,4,23.5,79.0,0,0
14,3,8,5,24.0,77.0,0,0
14,2,9,4,26.5,58.0,0,0
14,1,9,4,26.1,61.0,0,0
14,3,9,5,26.2,58.0,0,0
14,2,10,4,28.6,50.0,0,0
14,1,10,4,27.5,57.0,0,0
14,3,10,5,28.3,48.0,0,0
14,3,11,4,29.2,38.0,0,0
14,2,11,5,30.0,41.0,0,0
14,1,11,4,30.0,54.0,0,0
14,2,12,5,30.8,43.0,0,0
14,3,12,4,29.6,43.0,0,0
14,1,12,4,32.1,43.0,0,0
14,3,13,5,29.7,45.0,0,0
14,2,13,5,31.5,45.0,0,0
14,1,13,5,33.2,44.0,0,0
14,2,14,5,31.2,46.0,0,0
14,3,14,5,29.6,47.0,0,0
14,1,14,5,32.6,52.0,0,0
14,3,15,5,29.4,51.0,0,0
14,2,15,5,30.8,50.0,0,0
14,1,15,4,33.1,37.0,0,0
14,3,16,5,29.2,52.0,0,0
14,1,16,4,31.8,45.0,0,0
14,2,16,5,30.4,53.0,0,0
14,1,17,4,29.5,67.0,0,0
14,3,17,4,28.0,54.0,0,0
14,2,17,5,29.1,55.0,0,0
14,1,18,5,27.8,67.0,0,0
14,2,18,5,27.9,64.0,0,0
14,3,18,4,26.8,65.0,0,0
14,2,19,5,26.7,68.0,0,0
14,3,19,4,25.7,70.0,0,0
14,1,19,5,26.5,79.0,0,0
14,1,20,5,25.5,85.0,0,0
14,2,20,5,24.8,72.0,0,0
14,3,20,4,23.8,76.0,0,0
14,2,21,5,24.2,68.0,0,0
14,3,21,1,22.1,74.0,0,0
14,1,21,5,24.8,77.0,0,0
14,1,22,5,24.0,78.0,0,0
14,2,22,5,23.0,66.0,0,0
14,3,22,1,20.7,73.0,0,0
14,2,23,1,20.1,65.0,0,0
14,1,23,5,22.8,76.0,0,0
14,3,23,1,20.4,72.0,0,0
14,3,24,1,19.4,80.0,0,0
14,1,24,1,21.9,84.0,0,0
14,2,24,1,21.0,77.0,0,0
15,1,1,7,10.3,94.0,0,0
15,2,1,8,10.6,95.0,1,100
15,3,1,7,10.9,94.0,1,85
15,1,2,3,10.1,96.0,1,74
15,2,2,8,10.1,97.0,1,100
15,3,2,7,10.5,96.0,1,100
15,1,3,7,10.4,95.0,1,100
15,2,3,6,10.4,96.0,1,100
15,3,3,7,10.5,96.0,1,74
15,2,4,8,10.3,95.0,1,100
15,3,4,7,10.5,96.0,0,68
15,1,4,6,10.9,94.0,1,100
15,3,5,14,10.1,97.0,1,85
15,1,5,3,11.1,93.0,1,100
15,2,5,7,10.1,95.0,0,54
15,3,6,7,10.1,95.0,1,100
15,1,6,6,10.7,94.0,1,100
15,2,6,7,9.8,95.0,1,75
15,3,7,3,10.1,94.0,1,100
15,2,7,7,9.9,95.0,0,0
15,1,7,8,10.5,95.0,1,100
15,2,8,3,10.7,93.0,0,64
15,1,8,6,11.0,93.0,1,100
15,3,8,3,10.5,94.0,1,100
15,2,9,3,11.9,89.0,1,84
15,1,9,3,12.4,89.0,1,100
15,3,9,3,11.5,91.0,0,68
15,2,10,3,13.0,83.0,1,100
15,1,10,3,13.3,84.0,1,100
15,3,10,3,12.4,87.0,1,100
15,3,11,8,13.6,81.0,1,100
15,2,11,3,14.3,77.0,1,100
15,1,11,3,15.1,78.0,1,100
15,2,12,3,15.1,73.0,1,100
15,3,12,3,14.8,75.0,1,100
15,1,12,3,16.3,75.0,1,100
15,3,13,3,15.7,72.0,1,100
15,2,13,3,16.0,69.0,1,100
15,1,13,16,16.6,74.0,1,100
15,2,14,3,15.5,72.0,1,100
15,3,14,3,15.6,74.0,1,100
15,1,14,16,16.0,77.0,1,100
15,3,15,8,14.9,79.0,1,100
15,2,15,3,15.0,77.0,1,100
15,1,15,8,14.6,85.0,1,100
15,3,16,3,14.0,85.0,1,100
15,1,16,8,13.5,88.0,1,100
15,2,16,3,14.1,83.0,1,100
15,1,17,8,12.9,91.0,1,100
15,3,17,8,12.8,89.0,1,100
15,2,17,8,13.3,87.0,1,100
15,1,18,8,12.0,94.0,1,100
15,2,18,8,12.1,91.0,1,100
15,3,18,6,11.1,91.0,1,100
15,2,19,8,11.1,92.0,1,100
15,3,19,8,10.7,93.0,1,100
15,1,19,8,11.1,95.0,1,100
15,1,20,8,10.6,95.0,1,100
15,2,20,8,10.9,92.0,1,100
15,3,20,11,11.0,93.0,1,100
15,2,21,8,10.8,92.0,1,100
15,3,21,6,11.1,93.0,1,100
15,1,21,8,10.4,95.0,1,100
15,1,22,11,10.4,95.0,1,100
15,2,22,3,10.9,91.0,1,100
15,3,22,8,10.7,95.0,1,100
15,2,23,3,11.0,90.0,1,100
15,1,23,8,10.6,95.0,1,100
15,3,23,8,10.3,96.0,1,100
15,3,24,8,10.5,95.0,1,100
15,1,24,11,10.8,95.0,1,100
15,2,24,3,10.5,93.0,1,100
16,1,1,7,14.8,95.0,0,0
16,2,1,7,15.4,96.0,0,0
16,3,1,7,15.6,97.0,0,0
16,1,2,7,14.6,95.0,0,0
16,2,2,7,14.9,96.0,0,0
16,3,2,7,15.3,96.0,0,70
16,1,3,7,14.2,95.0,0,0
16,2,3,7,14.4,96.0,0,0
16,3,3,7,14.8,96.0,0,0
16,2,4,7,14.0,96.0,0,0
16,3,4,7,14.5,95.0,0,0
16,1,4,7,13.9,95.0,0,0
16,3,5,7,14.4,95.0,0,0
16,1,5,7,13.6,94.0,0,0
16,2,5,7,13.7,95.0,0,0
16,3,6,7,14.1,95.0,0,0
16,1,6,5,13.5,93.0,0,0
16,2,6,7,13.4,95.0,0,0
16,3,7,7,14.1,94.0,0,0
16,2,7,7,14.8,95.0,0,0
16,1,7,4,13.7,91.0,0,0
16,2,8,4,18.6,83.0,0,0
16,1,8,4,17.7,78.0,0,0
16,3,8,4,17.5,84.0,0,0
16,2,9,4,21.6,64.0,0,0
16,1,9,4,22.1,57.0,0,0
16,3,9,4,21.2,70.0,0,0
16,2,10,4,25.0,43.0,0,0
16,1,10,4,25.5,43.0,0,0
16,3,10,4,24.9,54.0,0,0
16,3,11,3,27.1,46.0,1,81
16,2,11,4,27.4,33.0,0,0
16,1,11,5,26.1,51.0,0,0
16,2,12,4,28.7,30.0,0,0
16,3,12,6,28.0,46.0,1,100
16,1,12,3,28.9,37.0,1,83
16,3,13,3,26.0,56.0,1,100
16,2,13,4,29.1,31.0,0,0
16,1,13,3,29.0,40.0,1,100
16,2,14,3,28.6,35.0,0,69
16,3,14,3,23.5,71.0,1,100
16,1,14,3,27.8,47.0,1,100
16,3,15,8,22.2,78.0,1,100
16,2,15,3,27.8,40.0,1,100
16,1,15,3,25.7,59.0,1,100
16,3,16,8,21.8,81.0,1,100
16,1,16,3,24.1,67.0,1,100
16,2,16,3,26.7,45.0,1,83
16,1,17,8,21.7,80.0,1,100
16,3,17,8,21.4,85.0,1,100
16,2,17,3,23.6,52.0,1,100
16,1,18,8,18.2,87.0,1,100
16,2,18,3,20.3,65.0,1,100
16,3,18,3,18.1,89.0,1,100
16,2,19,3,16.4,85.0,0,60
16,3,19,8,17.2,94.0,1,100
16,1,19,3,17.1,92.0,1,100
16,1,20,8,16.7,94.0,1,100
16,2,20,5,16.2,88.0,0,44
16,3,20,8,16.9,95.0,1,100
16,2,21,3,15.6,90.0,0,22
16,3,21,7,16.7,95.0,1,100
16,1,21,8,16.5,95.0,1,100
16,1,22,7,16.5,95.0,1,100
16,2,22,3,14.1,94.0,1,83
16,3,22,7,16.6,95.0,0,69
16,2,23,5,14.9,92.0,0,0
16,1,23,7,16.2,96.0,0,67
16,3,23,7,16.4,96.0,1,81
16,3,24,7,16.1,96.0,1,80
16,1,24,7,15.9,97.0,0,0
16,2,24,5,14.7,93.0,0,0
17,1,1,10,23.2,83.0,1,100
17,2,1,3,22.2,90.0,1,100
17,3,1,5,22.7,85.0,0,0
17,1,2,3,23.1,83.0,1,100
17,2,2,3,22.1,89.0,1,100
17,3,2,3,22.6,86.0,1,73
17,1,3,3,22.9,85.0,1,100
17,2,3,6,22.0,89.0,1,100
17,3,3,8,22.6,87.0,1,100
17,2,4,5,21.9,90.0,0,0
17,3,4,8,22.4,86.0,1,100
17,1,4,3,22.7,87.0,0,69
17,3,5,5,22.2,87.0,0,0
17,1,5,3,22.5,88.0,1,100
17,2,5,5,21.8,91.0,0,0
17,3,6,2,21.9,89.0,0,0
17,1,6,8,22.4,89.0,1,100
17,2,6,3,21.7,92.0,1,100
17,3,7,5,22.2,91.0,0,0
17,2,7,6,22.5,93.0,1,100
17,1,7,3,22.5,89.0,0,70
17,2,8,8,23.5,83.0,1,100
17,1,8,3,23.7,83.0,1,85
17,3,8,3,23.8,82.0,1,84
17,2,9,10,24.9,74.0,1,100
17,1,9,3,25.4,71.0,1,100
17,3,9,5,25.8,69.0,0,0
17,2,10,8,26.0,65.0,1,100
17,1,10,3,27.2,60.0,1,87
17,3,10,3,27.8,57.0,1,86
17,3,11,3,29.2,50.0,1,100
17,2,11,3,26.8,62.0,1,100
17,1,11,5,29.1,62.0,1,86
17,2,12,8,27.0,61.0,1,100
17,3,12,3,29.0,47.0,1,100
17,1,12,3,29.5,47.0,1,100
17,3,13,3,28.4,51.0,1,100
17,2,13,10,27.4,63.0,1,100
17,1,13,6,28.8,47.0,1,100
17,2,14,6,27.6,60.0,1,100
17,3,14,3,28.6,55.0,1,100
17,1,14,3,28.5,54.0,1,100
17,3,15,4,29.3,53.0,0,0
17,2,15,6,27.6,59.0,1,100
17,1,15,5,28.6,55.0,0,0
17,3,16,4,29.1,48.0,0,0
17,1,16,4,28.6,54.0,0,0
17,2,16,3,27.4,60.0,1,83
17,1,17,4,27.9,54.0,0,0
17,3,17,4,28.1,52.0,0,0
17,2,17,3,26.8,62.0,0,69
17,1,18,4,26.5,60.0,0,0
17,2,18,4,25.6,66.0,0,0
17,3,18,4,26.4,59.0,0,0
17,2,19,3,24.6,79.0,1,100
17,3,19,4,25.0,70.0,0,0
17,1,19,5,25.2,70.0,0,0
17,1,20,3,24.2,76.0,1,100
17,2,20,3,24.2,84.0,1,81
17,3,20,3,23.9,76.0,1,100
17,2,21,3,23.4,88.0,1,100
17,3,21,3,23.2,82.0,1,100
17,1,21,5,23.6,79.0,0,0
17,1,22,5,23.2,82.0,0,0
17,2,22,3,22.4,91.0,1,100
17,3,22,3,22.7,85.0,1,100
17,2,23,3,22.7,92.0,1,100
17,1,23,5,23.0,84.0,0,0
17,3,23,3,22.5,88.0,0,66
17,3,24,8,22.3,89.0,1,100
17,1,24,5,22.8,85.0,0,0
17,2,24,5,22.6,92.0,0,0
18,1,1,1,16.7,57.0,0,0
18,2,1,1,12.2,27.0,0,0
18,3,1,1,11.0,75.0,0,0
18,1,2,1,16.0,59.0,0,0
18,2,2,1,11.7,27.0,0,0
18,3,2,1,10.5,73.0,0,0
18,1,3,1,15.3,61.0,0,0
18,2,3,1,11.4,27.0,0,0
18,3,3,1,10.3,69.0,0,0
18,2,4,1,11.0,28.0,0,0
18,3,4,1,9.9,64.0,0,0
18,1,4,1,14.8,62.0,0,0
18,3,5,1,9.3,59.0,0,0
18,1,5,1,14.5,62.0,0,0
18,2,5,1,10.6,28.0,0,0
18,3,6,1,8.6,55.0,0,0
18,1,6,1,14.4,61.0,0,0
18,2,6,1,10.4,28.0,0,0
18,3,7,1,8.0,52.0,0,0
18,2,7,1,10.4,28.0,0,0
18,1,7,1,14.6,61.0,0,0
18,2,8,5,10.4,28.0,0,0
18,1,8,1,14.8,64.0,0,0
18,3,8,1,7.5,48.0,0,0
18,2,9,2,13.9,26.0,0,0
18,1,9,5,15.0,63.0,0,0
18,3,9,2,11.3,41.0,0,0
18,2,10,2,17.5,23.0,0,0
18,1,10,3,14.9,63.0,1,81
18,3,10,2,14.7,33.0,0,0
18,3,11,2,16.4,27.0,0,0
18,2,11,4,18.9,21.0,0,0
18,1,11,3,14.5,63.0,1,78
18,2,12,4,20.0,20.0,0,0
18,3,12,2,18.2,21.0,0,0
18,1,12,3,14.0,67.0,0,62
18,3,13,4,20.2,16.0,0,0
18,2,13,4,21.7,17.0,0,0
18,1,13,3,13.4,73.0,1,100
18,2,14,4,22.7,16.0,0,0
18,3,14,4,22.2,13.0,0,0
18,1,14,9,12.2,88.0,1,100
18,3,15,4,23.5,11.0,0,0
18,2,15,4,22.6,17.0,0,0
18,1,15,3,12.4,82.0,1,100
18,3,16,4,24.3,10.0,0,0
18,1,16,3,13.3,75.0,1,100
18,2,16,2,22.9,17.0,0,0
18,1,17,3,14.0,70.0,1,100
18,3,17,4,24.4,10.0,0,0
18,2,17,2,23.2,16.0,0,0
18,1,18,3,15.0,65.0,1,74
18,2,18,4,22.8,18.0,0,0
18,3,18,4,23.8,12.0,0,0
18,2,19,4,21.6,21.0,0,0
18,3,19,4,22.2,16.0,0,0
18,1,19,4,14.9,66.0,0,0
18,1,20,4,13.5,72.0,0,0
18,2,20,4,17.2,26.0,0,0
18,3,20,4,17.4,21.0,0,0
18,2,21,1,15.8,28.0,0,0
18,3,21,1,15.8,23.0,0,0
18,1,21,1,12.7,75.0,0,0
18,1,22,1,12.3,75.0,0,0
18,2,22,1,15.5,36.0,0,0
18,3,22,1,14.6,25.0,0,0
18,2,23,1,14.6,38.0,0,0
18,1,23,1,11.6,75.0,0,0
18,3,23,1,13.6,26.0,0,0
18,3,24,1,12.8,27.0,0,0
18,1,24,1,11.3,75.0,0,0
18,2,24,1,13.5,35.0,0,0
19,1,1,5,22.6,94.0,0,0
19,2,1,5,23.1,83.0,0,0
19,3,1,5,22.8,90.0,0,0
19,1,2,2,22.7,94.0,0,0
19,2,2,5,23.1,83.0,0,0
19,3,2,5,22.5,91.0,0,0
19,1,3,5,22.6,95.0,0,0
19,2,3,5,22.8,84.0,0,0
19,3,3,5,22.4,92.0,0,0
19,2,4,5,22.5,88.0,0,0
19,3,4,5,22.4,91.0,0,0
19,1,4,5,22.5,94.0,0,0
19,3,5,5,22.4,92.0,0,0
19,1,5,2,22.6,93.0,0,0
19,2,5,5,22.3,90.0,0,0
19,3,6,5,22.4,92.0,0,0
19,1,6,5,22.6,92.0,0,0
19,2,6,5,22.4,92.0,0,0
19,3,7,5,22.2,91.0,0,0
19,2,7,5,22.6,90.0,0,0
19,1,7,5,22.7,92.0,0,0
19,2,8,5,22.8,90.0,0,0
19,1,8,5,23.0,91.0,0,0
19,3,8,5,22.8,93.0,0,0
19,2,9,5,24.3,89.0,0,0
19,1,9,5,24.1,87.0,0,0
19,3,9,4,23.9,87.0,0,0
19,2,10,5,25.7,73.0,0,0
19,1,10,4,25.5,78.0,0,0
19,3,10,5,25.0,81.0,0,0
19,3,11,4,26.5,69.0,0,0
19,2,11,5,27.2,65.0,0,0
19,1,11,4,28.4,71.0,0,0
19,2,12,4,28.5,58.0,0,0
19,3,12,4,27.7,58.0,0,0
19,1,12,4,28.9,63.0,0,0
19,3,13,4,28.6,55.0,0,0
19,2,13,4,29.4,52.0,0,0
19,1,13,5,30.3,62.0,0,0
19,2,14,4,30.1,50.0,0,0
19,3,14,5,29.0,54.0,0,0
19,1,14,2,27.9,70.0,0,0
19,3,15,5,28.8,53.0,0,0
19,2,15,4,29.5,47.0,0,0
19,1,15,8,28.0,73.0,1,100
19,3,16,5,28.4,59.0,0,0
19,1,16,5,27.7,68.0,0,0
19,2,16,5,28.7,57.0,0,0
19,1,17,5,26.6,69.0,0,0
19,3,17,5,27.9,62.0,0,0
19,2,17,5,27.8,62.0,0,0
19,1,18,8,25.2,81.0,1,100
19,2,18,2,26.5,67.0,0,0
19,3,18,2,27.1,64.0,0,0
19,2,19,13,25.5,80.0,1,100
19,3,19,2,26.4,71.0,0,0
19,1,19,2,24.5,88.0,0,0
19,1,20,2,24.0,88.0,0,0
19,2,20,13,24.5,86.0,1,100
19,3,20,2,25.8,75.0,0,0
19,2,21,10,24.0,92.0,1,100
19,3,21,1,24.9,78.0,0,0
19,1,21,5,23.9,88.0,0,0
19,1,22,5,23.7,88.0,0,0
19,2,22,3,23.3,85.0,1,100
19,3,22,1,24.3,80.0,0,0
19,2,23,3,22.9,85.0,1,100
19,1,23,5,23.4,88.0,0,0
19,3,23,1,23.1,81.0,0,0
19,3,24,3,23.1,86.0,0,63
19,1,24,5,23.1,90.0,0,0
19,2,24,1,23.1,82.0,0,0
20,1,1,1,17.1,75.0,0,0
20,2,1,3,19.4,71.0,1,100
20,3,1,3,16.9,86.0,1,100
20,1,2,1,16.1,81.0,0,0
20,2,2,3,18.6,75.0,1,100
20,3,2,3,16.4,87.0,1,71
20,1,3,1,15.3,84.0,0,0
20,2,3,3,17.8,78.0,1,83
20,3,3,5,16.0,90.0,0,0
20,2,4,5,17.2,81.0,0,0
20,3,4,5,15.7,91.0,0,0
20,1,4,1,14.8,87.0,0,0
20,3,5,1,15.4,92.0,0,0
20,1,5,5,14.4,89.0,0,0
20,2,5,5,16.7,83.0,0,0
20,3,6,5,15.2,93.0,0,0
20,1,6,1,14.2,90.0,0,0
20,2,6,5,16.6,83.0,0,0
20,3,7,5,17.9,94.0,0,0
20,2,7,5,18.5,82.0,0,0
20,1,7,4,16.8,91.0,0,0
20,2,8,4,20.7,74.0,0,0
20,1,8,4,19.7,77.0,0,0
20,3,8,5,20.9,79.0,0,0
20,2,9,4,23.4,63.0,0,0
20,1,9,4,22.7,63.0,0,0
20,3,9,5,23.8,65.0,0,0
20,2,10,4,25.9,51.0,0,0
20,1,10,4,25.3,52.0,0,0
20,3,10,3,26.5,53.0,1,84
20,3,11,3,28.8,43.0,1,87
20,2,11,4,28.1,41.0,0,0
20,1,11,5,27.1,51.0,0,0
20,2,12,5,29.8,32.0,0,0
20,3,12,5,30.6,34.0,0,0
20,1,12,4,29.3,35.0,0,0
20,3,13,4,31.5,29.0,0,0
20,2,13,4,31.0,28.0,0,0
20,1,13,4,30.4,29.0,0,0
20,2,14,4,31.8,24.0,0,0
20,3,14,4,31.3,28.0,0,0
20,1,14,4,31.1,27.0,0,0
20,3,15,4,30.9,32.0,0,0
20,2,15,4,31.9,22.0,0,0
20,1,15,4,30.9,27.0,0,0
20,3,16,4,30.5,35.0,0,0
20,1,16,4,29.8,29.0,0,0
20,2,16,4,31.4,22.0,0,0
20,1,17,4,28.3,36.0,0,0
20,3,17,4,29.1,37.0,0,0
20,2,17,4,30.0,25.0,0,0
20,1,18,5,26.6,45.0,0,0
20,2,18,4,27.7,33.0,0,0
20,3,18,3,26.3,45.0,0,57
20,2,19,4,25.2,42.0,0,0
20,3,19,8,23.7,63.0,1,100
20,1,19,5,24.9,52.0,0,0
20,1,20,5,22.8,55.0,0,0
20,2,20,3,25.0,48.0,1,85
20,3,20,3,22.3,67.0,1,100
20,2,21,3,22.7,55.0,0,66
20,3,21,3,21.4,67.0,1,100
20,1,21,1,20.7,60.0,0,0
20,1,22,3,19.3,70.0,1,86
20,2,22,3,19.7,60.0,1,85
20,3,22,3,20.9,69.0,1,100
20,2,23,1,19.5,62.0,0,0
20,1,23,3,18.2,77.0,0,63
20,3,23,3,20.5,68.0,1,100
20,3,24,3,20.1,69.0,1,100
20,1,24,3,17.5,83.0,1,71
20,2,24,1,18.4,66.0,0,0
